<?xml version="1.0" encoding="UTF-8"?>
<!DOCTYPE mapper
  PUBLIC "-//mybatis.org//DTD Mapper 3.0//EN"
  "http://mybatis.org/dtd/mybatis-3-mapper.dtd">
<mapper namespace="com.javamuk.mapper.FollowMapper">

	<insert id="follow_create" parameterType="com.javamuk.domain.Follow">
		insert into `exchange`.follow(follower_mem,following_mem)
		values(#{follower_mem},#{following_mem})
	</insert>

	<delete id="follow_delete" parameterType="com.javamuk.domain.Follow">
		delete from `exchange`.follow where follower_mem=#{follower_mem} and following_mem=#{following_mem}
	</delete>
	
	<delete id="followDelete_idx" parameterType="com.javamuk.domain.Follow">
		delete from `exchange`.follow where follow_idx in 
		<foreach collection="follow_idx" item="idx" open="(" close=")" separator=",">
	 		#{idx.value}
	 	</foreach>
	</delete>
	
	<select id="follow_read" parameterType="com.javamuk.domain.Follow" resultType="com.javamuk.domain.Follow">
		select * from `exchange`.follow where follower_mem=#{follower_mem} and following_mem=#{following_mem}
	</select>
	
	<select id="follow_all" parameterType="com.javamuk.domain.Follow" resultType="com.javamuk.domain.Follow">
		SELECT  @num:=@num+1 as num,follow_idx,follower_mem,following_mem,member.mem_nickname,fol_regdate
		FROM (select @num:=0) a,`exchange`.follow inner join `exchange`.member on follow.follower_mem=member.mem_idx 
		where following_mem=#{following_mem};
	</select>
	
	<select id="follower_read" parameterType="com.javamuk.domain.Product" resultType="com.javamuk.domain.Product">
	    select * from `exchange`.product where mem_idx= #{mem_idx}
	</select>

</mapper>