<?xml version="1.0" encoding="UTF-8"?>
<!DOCTYPE mapper PUBLIC "-//mybatis.org//DTD Mapper 3.0//EN" "http://mybatis.org/dtd/mybatis-3-mapper.dtd">
<mapper namespace="com.javamuk.mapper.QnAMapper">

	<!-- 01. 게시글 전체 목록 조회 -->
	<select id="listAll" parameterType="com.javamuk.domain.QnA"
		resultType="com.javamuk.domain.QnA">

		<!-- 목록 조회 및 페이징 전체 쿼리 -->
		SELECT
		q.qa_idx,
		q.qa_title,
		q.qa_contents,
		date_format(qa_regdate, '%Y-%m-%d %H:%i:%s') qa_regdate,
		q.qa_viewcnt,
		q.mem_idx,
		m.mem_name
		FROM
		qna AS q,
		member AS m
		WHERE
		q.mem_idx = m.mem_idx
		<include refid="search" />
		ORDER BY
		q.qa_idx DESC,
		q.qa_regdate DESC
		<include refid="paging" />
	</select>

	<!-- 01_02. 게시글 레코드 갯수 -->
	<select id="countArticle" resultType="int">
		SELECT COUNT(q.qa_idx)
		FROM
		qna AS q,
		member AS m
		WHERE
		q.mem_idx = m.mem_idx
		<!-- WHERE절을 include 태그로 삽입 -->
		<include refid="search" />
	</select>


	<!-- 검색 조건 sql -->
	<sql id="search">
		<choose>
			<!-- 검색옵션이 전체 검색일 경우 -->
			<when test="searchOption == 'all'">

				AND
				(mem_name like concat('%' , #{keyword} , '%')
				OR
				qa_contents like
				concat('%' , #{keyword} , '%')
				OR
				qa_title like concat('%' ,
				#{keyword} , '%'))
			</when>
			<!-- 전체 검색이 아닐 경우 -->
			<otherwise>

				AND
				${searchOption} like concat('%' , #{keyword} , '%')
			</otherwise>
		</choose>
	</sql>

	<!-- 페이징 sql -->
	<sql id="paging">
		LIMIT #{start}, #{end}
	</sql>


	<!-- 02. 게시글 작성 -->
	<insert id="insert" parameterType="com.javamuk.domain.QnA"
		useGeneratedKeys="true" keyProperty="qa_idx">
		INSERT INTO `exchange`.`qna`
		(
		`qa_title`,
		`qa_contents`,
		`mem_idx`)
		VALUES
		(
		#{qa_title},
		#{qa_contents},
		#{mem_idx}
		)

	</insert>

	<!--03. 게시글 상세보기 조회 -->
	<select id="view" resultType="com.javamuk.domain.QnA">
		SELECT qa_idx,
		qa_title,
		qa_contents,
		date_format(qa_regdate, '%Y-%m-%d %H:%i:%s') qa_regdate,
		qa_viewcnt,
		mem_idx 
		FROM `exchange`.`qna`
		WHERE qa_idx =
		#{qa_idx}
	</select>


	<!-- 04. 게시글 조회수 증가처리 -->
	<update id="increaseViewcnt" parameterType="com.javamuk.domain.QnA">
		UPDATE
		`exchange`.`qna` SET
		qa_viewcnt = qa_viewcnt + 1
		WHERE qa_idx =
		#{qa_idx}
	</update>


	<!-- 05. 게시글 수정처리 -->
	<update id="updateArticle" parameterType="com.javamuk.domain.QnA">
		UPDATE `exchange`.`qna`
		SET
		qa_title
		= #{qa_title},
		qa_contents = #{qa_contents}
		WHERE qa_idx =
		#{qa_idx}
	</update>


	<!-- 06. 게시글 삭제처리 -->
	<delete id="deleteArticle" parameterType="com.javamuk.domain.QnA">
		DELETE FROM
		`exchange`.`qna`
		WHERE
		qa_idx = #{qa_idx}
	</delete>



</mapper>